keyword,volume,cpc_usd,competition,trend_12mo
"teacher observation tool",110,2.8,0.2,"90|90|140|140|140|70|110|170|170|140|90|70"
"sibme reviews",20,3.36,0.25,"10|20|40|30|30|40|10|20|20|20|10|20"
"kalpa reviews",10,0,0,"0|0|0|10|10|10|10|10|0|0|0|0"
"schoolmint reviews",10,2.67,0.19,"10|10|10|20|10|10|10|10|10|20|40|10"
"iris connect reviews",10,0,0.52,"10|10|10|10|10|10|0|10|10|10|10|10"
"frontline education competitors",10,4.09,0.43,"20|10|10|10|20|20|10|20|20|10|10|10"
"schoolmint pricing",10,0,0.43,"10|10|10|10|10|10|10|10|10|10|10|10"
"sibme pricing",10,0,0,"0|10|10|0|10|10|10|10|10|10|10|0"
"icarol pricing",10,0,0.36,"20|10|10|10|10|10|10|0|10|10|0|10"
"best professional development software for school districts",0,0,0,""
"best pd software for teachers",0,0,0,""
"best professional development platform for k12",0,0,0,""
"best school enrollment software",0,0,0,""
"best online registration software for schools",0,0,0,""
"best student registration software",0,0,0,""
"best enrollment software for charter schools",0,0,0,""
"best school choice software",0,0,0,""
"best instructional coaching software",0,0,0,""
"best coaching software for schools",0,0,0,""
"best teacher coaching platform",0,0,0,""
"best mentoring software for schools",0,0,0,""
"best teacher induction software",0,0,0,""
"best child care referral software",0,0,0,""
"best ccr&r software",0,0,0,""
"professional development software for school districts",0,0,0,""
"professional development software for k12",0,0,0,""
"professional development software for esc",0,0,0,""
"professional development software for boces",0,0,0,""
"professional development software for isd",0,0,0,""
"pd software for districts",0,0,0,""
"pd platform for districts",0,0,0,""
"school enrollment software for districts",0,0,0,""
"enrollment software for k12",0,0,0,""
"enrollment software for charter schools",0,0,0,""
"online registration software for school districts",0,0,0,""
"school registration software for districts",0,0,0,""
"instructional coaching software for districts",0,0,0,""
"coaching software for k12",0,0,0,""
"coaching platform for districts",0,0,0,""
"mentoring software for school districts",0,0,0,""
"teacher induction program software",0,0,0,""
"professional development software pricing",0,0,0,""
"school enrollment software pricing",0,0,0,""
"school registration software pricing",0,0,0,""
"instructional coaching software pricing",0,0,0,""
"enrollment management software cost",0,0,0,""
"online registration software cost",0,0,0,""
"pd management software cost",0,0,0,""
"professional development software demo",0,0,0,""
"school enrollment software demo",0,0,0,""
"school registration software demo",0,0,0,""
"school enrollment software vendors",0,0,0,""
"professional development software vendors",0,0,0,""
"student registration software vendors",0,0,0,""
"k12 enrollment software vendors",0,0,0,""
"pd software vendors k12",0,0,0,""
"online registration vendors for schools",0,0,0,""
"enrollment system rfp",0,0,0,""
"professional development system rfp",0,0,0,""
"student registration system rfp",0,0,0,""
"school choice lottery rfp",0,0,0,""
"professional development management system rfp",0,0,0,""
"school enrollment software rfp",0,0,0,""
"school registration software quote",0,0,0,""
"professional development platform comparison",0,0,0,""
"school enrollment software comparison",0,0,0,""
"instructional coaching software comparison",0,0,0,""
"pd software comparison",0,0,0,""
"online registration software comparison k12",0,0,0,""
"frontline professional growth vs",0,0,0,""
"frontline professional growth review",0,0,0,""
"frontline professional growth reviews",0,0,0,""
"mylearningplan review",0,0,0,""
"mylearningplan reviews",0,0,0,""
"kalpa review",0,0,0,""
"escworks review",0,0,0,""
"escworks reviews",0,0,0,""
"vector solutions education review",0,0,0,""
"schoolmint review",0,0,0,""
"schoolmint vs powerschool",0,0,0,""
"schoolmint vs avela",0,0,0,""
"powerschool enrollment review",0,0,0,""
"powerschool enrollment reviews",0,0,0,""
"powerschool registration review",0,0,0,""
"infinite campus online registration review",0,0,0,""
"finalsite enrollment review",0,0,0,""
"finalsite enrollment reviews",0,0,0,""
"registration gateway review",0,0,0,""
"sibme review",0,0,0,""
"sibme vs kickup",0,0,0,""
"kickup review",0,0,0,""
"kickup reviews",0,0,0,""
"teachboost review",0,0,0,""
"teachboost reviews",0,0,0,""
"edthena review",0,0,0,""
"edthena reviews",0,0,0,""
"schoolstatus review",0,0,0,""
"schoolstatus reviews",0,0,0,""
"schoolstatus boost review",0,0,0,""
"whetstone education review",0,0,0,""
"iris connect review",0,0,0,""
"icarol review",0,0,0,""
"icarol reviews",0,0,0,""
"worklife systems review",0,0,0,""
"bridgecare review",0,0,0,""
"kindersystems review",0,0,0,""
"wisdomwhere review",0,0,0,""
"wisdomwhere reviews",0,0,0,""
"solutionwhere review",0,0,0,""
"solutionwhere reviews",0,0,0,""
"coursewhere review",0,0,0,""
"wisdomwhere pricing",0,0,0,""
"wisdomwhere demo",0,0,0,""
"frontline vs powerschool professional development",0,0,0,""
"frontline professional growth alternatives",0,0,0,""
"powerschool enrollment competitors",0,0,0,""
"schoolmint competitors",0,0,0,""
"sibme competitors",0,0,0,""
"kickup competitors",0,0,0,""
"icarol competitors",0,0,0,""
"frontline professional growth pricing",0,0,0,""
"frontline education pricing",0,0,0,""
"powerschool enrollment pricing",0,0,0,""
"avela pricing",0,0,0,""
"kickup pricing",0,0,0,""
"teachboost pricing",0,0,0,""
"escworks pricing",0,0,0,""
"kalpa pricing",0,0,0,""
"switch from frontline professional growth",0,0,0,""
"replace mylearningplan",0,0,0,""
"replace coursewhere",0,0,0,""
"migrate from coursewhere",0,0,0,""
"professional development registration system for districts",0,0,0,""
"online workshop registration for educators",0,0,0,""
"teacher training registration software",0,0,0,""
"educator training management system",0,0,0,""
"district pd catalog software",0,0,0,""
"school district registration system",0,0,0,""
"new student registration software",0,0,0,""
"returning student registration software",0,0,0,""
"annual student registration online",0,0,0,""
"online student enrollment system for schools",0,0,0,""
"school lottery management system",0,0,0,""
"school choice application software",0,0,0,""
"open enrollment management system",0,0,0,""
"magnet school lottery software",0,0,0,""
"charter lottery software",0,0,0,""
"transfer request software school district",0,0,0,""
"residency verification software schools",0,0,0,""
"enrollment document verification software",0,0,0,""
"teacher coaching log software",0,0,0,""
"instructional coaching tracking system",0,0,0,""
"coaching cycle software",0,0,0,""
"coaching management platform education",0,0,0,""
"walkthrough tool for administrators",0,0,0,""
"classroom walkthrough tool",0,0,0,""
"instructional rounds app",0,0,0,""
"early childhood coaching platform",0,0,0,""
"child care technical assistance software",0,0,0,""
"qris software",0,0,0,""
"quality rating improvement system software",0,0,0,""
"child care resource and referral database",0,0,0,""
"provider search software child care",0,0,0,""
"family intake software child care",0,0,0,""