keyword,volume,cpc_usd,seed,source
"linkedin",11100000,0.05,"kickup",get_pasf_keywords
"tpt",4090000,0.01,"mylearningplan",get_pasf_keywords
"google docs",4090000,1.06,"sibme",get_related_keywords
"zoom",3350000,0.51,"sibme",get_related_keywords
"drawing",1830000,0.59,"scech",get_related_keywords
"teams",1500000,1.75,"icarol",get_related_keywords
"powerschool",1000000,1.58,"school enrollment software",get_pasf_keywords
"slack",1000000,1.96,"icarol",get_related_keywords
"microsoft teams",673000,1.44,"icarol",get_related_keywords
"paycor",673000,2.97,"icarol",get_related_keywords
"paycom",550000,1.04,"icarol",get_related_keywords
"teachers pay teachers",301000,0.01,"frontline professional growth",get_pasf_keywords
"teach",301000,0.09,"mylearningplan",get_pasf_keywords
"smartsheet",301000,9.12,"icarol",get_related_keywords
"prague",301000,0.05,"scech",get_pasf_keywords
"seesaw",246000,0.28,"mylearningplan",get_related_keywords
"aesop",246000,0.93,"mylearningplan",get_pasf_keywords
"frontline education",201000,1.38,"frontline professional growth",get_related_keywords
"frontlineeducation",201000,1.38,"frontline professional growth",get_pasf_keywords
"czechia",201000,0.13,"scech",get_related_keywords
"mlp",110000,2.24,"frontline professional growth",get_pasf_keywords
"olas",110000,0.12,"mylearningplan",get_pasf_keywords
"basecamp",110000,10.96,"icarol",get_related_keywords
"czechoslovakia",110000,0,"scech",get_pasf_keywords
"sketchpad",90500,0.21,"scech",get_related_keywords
"lifeline",74000,0.93,"icarol",get_related_keywords
"zendesk",74000,11.92,"icarol",get_pasf_keywords
"iepdirect",60500,2.53,"frontline professional growth",get_pasf_keywords
"vector marketing",60500,0.75,"vector solutions",get_pasf_keywords
"homebase login",60500,0.02,"icarol",get_related_keywords
"period tracker",49500,0.99,"professional development management software",get_pasf_keywords
"iep direct",49500,0,"frontline professional growth",get_pasf_keywords
"vector solutions",40500,2.23,"professional development management software",get_related_keywords
"my learn",40500,1.52,"frontline professional growth",get_pasf_keywords
"mystudent",40500,1.39,"frontline professional growth",get_pasf_keywords
"pdi",40500,0.5,"mylearningplan",get_pasf_keywords
"frontline education login",33100,0,"frontline professional growth",get_pasf_keywords
"aesoponline",27100,0.77,"mylearningplan",get_related_keywords
"frontline sign in",27100,0,"mylearningplan",get_related_keywords
"five9",27100,9.16,"icarol",get_related_keywords
"schoolmint",22200,2.43,"school enrollment software",get_related_keywords
"frontline absence management",22200,4.26,"frontline professional growth",get_pasf_keywords
"wincapweb",22200,3.56,"mylearningplan",get_pasf_keywords
"target solutions",22200,2.63,"vector solutions",get_pasf_keywords
"moecs",18100,3.31,"scech",get_related_keywords
"my learning plan",14800,2.94,"frontline professional growth",get_related_keywords
"humanity login",14800,3.01,"icarol",get_related_keywords
"czech language",14800,0.44,"scech",get_related_keywords
"canva painting",14800,0.58,"scech",get_related_keywords
"czech republic language",14800,0.44,"scech",get_pasf_keywords
"lpss",14800,0,"wisdomwhere",get_pasf_keywords
"blackbaud tuition management",12100,2.92,"school enrollment software",get_pasf_keywords
"czech republic flag",12100,0.04,"scech",get_related_keywords
"czech republic currency",12100,0.01,"scech",get_pasf_keywords
"michigan virtual university",12100,2.84,"scech",get_pasf_keywords
"michigan virtual",12100,2.84,"scech",get_pasf_keywords
"oasys",9900,7.89,"frontline professional growth",get_pasf_keywords
"iobservation",9900,0,"frontline professional growth",get_pasf_keywords
"edweb",9900,2.54,"frontline professional growth",get_pasf_keywords
"vector solutions login",9900,0,"vector solutions",get_related_keywords
"denmark language",9900,0,"scech",get_pasf_keywords
"live texting",8100,0.82,"icarol",get_pasf_keywords
"czech republic map",8100,0,"scech",get_pasf_keywords
"hiccup meaning",6600,0.02,"kickup",get_pasf_keywords
"incontact",6600,3.57,"icarol",get_related_keywords
"moecs login",6600,0,"scech",get_related_keywords
"oakland schools",6600,6.21,"scech",get_pasf_keywords
"frontline central",5400,1.55,"frontline professional growth",get_related_keywords
"danielson framework",5400,2.25,"frontline professional growth",get_pasf_keywords
"kip up",5400,0,"kickup",get_pasf_keywords
"languages of slovakia",5400,1.47,"scech",get_pasf_keywords
"ksde",4400,0,"mylearningplan",get_pasf_keywords
"ocm boces",4400,0,"mylearningplan",get_pasf_keywords
"yellowdig",4400,0,"kickup",get_pasf_keywords
"michigan department of education",4400,5.05,"scech",get_related_keywords
"kick off meaning",3600,0,"kickup",get_pasf_keywords
"sketchup app",3600,2.31,"scech",get_related_keywords
"pattan",3600,0,"wisdomwhere",get_pasf_keywords
"pdi courses",2900,2.98,"mylearningplan",get_pasf_keywords
"icarol",2900,6,"icarol",get_related_keywords
"harris computer",2900,4.32,"icarol",get_pasf_keywords
"czech translator",2900,1.04,"scech",get_pasf_keywords
"infosnap",2400,0,"school registration software",get_pasf_keywords
"danielson rubric",2400,0,"mylearningplan",get_pasf_keywords
"redvector",2400,3.85,"vector solutions",get_pasf_keywords
"red vector",2400,3.84,"vector solutions",get_pasf_keywords
"sibme",2400,4.24,"sibme",get_related_keywords
"icarol login",2400,0,"icarol",get_related_keywords
"michigan pic",2400,0.48,"scech",get_pasf_keywords
"frontline central login",1900,0,"mylearningplan",get_related_keywords
"cxone",1900,12.6,"icarol",get_related_keywords
"czech airlines",1900,0.32,"scech",get_related_keywords
"scech",1900,2.2,"scech",get_related_keywords
"cayuga onondaga boces",1600,0,"mylearningplan",get_pasf_keywords
"red vector login",1600,3.9,"vector solutions",get_pasf_keywords
"learning forward",1600,7.05,"kickup",get_pasf_keywords
"app frontline",1300,2.39,"frontline professional growth",get_pasf_keywords
"mylearningpointe",1300,0,"mylearningplan",get_pasf_keywords
"effective educators",1300,0,"mylearningplan",get_pasf_keywords
"edthena",1300,0,"sibme",get_related_keywords
"kickup login",1300,0,"kickup",get_related_keywords
"act 48 hours",1300,2.13,"act 48",get_related_keywords
"frontline my learning plan",1000,1.12,"frontline professional growth",get_related_keywords
"frontline aesop substitute",1000,3.24,"frontline professional growth",get_related_keywords
"schoolmax",1000,0,"schoolmint",get_pasf_keywords
"frontline professional growth",1000,0.79,"mylearningplan",get_related_keywords
"frontline mylearningplan",1000,1.12,"mylearningplan",get_related_keywords
"perms act 48",1000,2,"act 48",get_related_keywords
"lpss employment",1000,0,"wisdomwhere",get_pasf_keywords
"schoolmint kipp",880,2.1,"schoolmint",get_related_keywords
"torsh",880,0.3,"sibme",get_related_keywords
"kickup pulse",880,22.41,"kickup",get_related_keywords
"czech republic eu",880,0,"scech",get_related_keywords
"education certification",880,4.21,"scech",get_pasf_keywords
"iu1",880,0,"wisdomwhere",get_pasf_keywords
"school management software",720,8.39,"school enrollment software",get_related_keywords
"my learning plan login",720,0,"frontline professional growth",get_related_keywords
"sibme login",720,0,"sibme",get_related_keywords
"zipwhip",720,4.66,"icarol",get_related_keywords
"michigan teacher certification",720,2.45,"scech",get_related_keywords
"asap connected login",590,0,"school registration software",get_pasf_keywords
"kick out meaning",590,0,"kickup",get_pasf_keywords
"act 48 hours check",590,0,"act 48",get_related_keywords
"act 48 pennsylvania",590,2,"act 48",get_related_keywords
"artworkout online",590,1.12,"scech",get_related_keywords
"baisd",590,0,"wisdomwhere",get_pasf_keywords
"online learning platforms for business",480,16.67,"professional development management software",get_pasf_keywords
"classter",480,8.08,"school enrollment software",get_pasf_keywords
"kick in meaning",480,0,"kickup",get_pasf_keywords
"ppid lookup",480,0,"act 48",get_related_keywords
"employee training software",390,21.75,"professional development management software",get_pasf_keywords
"mentoring tracking system",390,6.88,"frontline professional growth",get_pasf_keywords
"frontline aesop phone number",390,1.21,"frontline professional growth",get_pasf_keywords
"ksde license",390,0,"mylearningplan",get_pasf_keywords
"youthbuild philadelphia",390,0,"kickup",get_pasf_keywords
"act 48 credits",390,1.71,"act 48",get_related_keywords
"eupisd",390,0,"wisdomwhere",get_pasf_keywords
"online personal training platforms",320,11.22,"professional development management software",get_pasf_keywords
"ge learning",320,2.87,"frontline professional growth",get_pasf_keywords
"bciu reading pa",320,4.01,"mylearningplan",get_pasf_keywords
"nysut elt",320,3.23,"mylearningplan",get_pasf_keywords
"learning across broward",260,0,"frontline professional growth",get_pasf_keywords
"milagro charter",260,2.5,"schoolmint",get_pasf_keywords
"bciu 22",260,0,"mylearningplan",get_pasf_keywords
"mylearning csm",260,0,"mylearningplan",get_pasf_keywords
"meaning of kick off",260,0,"kickup",get_pasf_keywords
"scech michigan",260,1.56,"scech",get_related_keywords
"west slavic languages",260,0,"scech",get_pasf_keywords
"schoolmint app",210,3.2,"school enrollment software",get_pasf_keywords
"kipp school mint",210,5.66,"schoolmint",get_related_keywords
"schoolmint application",210,3.22,"schoolmint",get_related_keywords
"schoolmint newark",210,2.44,"schoolmint",get_related_keywords
"kip up dance",210,0,"kickup",get_pasf_keywords
"research jobs philadelphia",210,0.13,"kickup",get_pasf_keywords
"scechs michigan",210,2.1,"scech",get_related_keywords
"michigan teacher certification renewal",210,0,"scech",get_pasf_keywords
"earss lpss",210,0,"wisdomwhere",get_pasf_keywords
"lpss earss",210,0,"wisdomwhere",get_pasf_keywords
"administrative software",170,11.06,"professional development management software",get_pasf_keywords
"student enrollment management system",170,4.66,"school enrollment software",get_related_keywords
"salesforce for education",170,3.09,"school enrollment software",get_pasf_keywords
"identogo reading pa",170,0,"mylearningplan",get_pasf_keywords
"vector solutions careers",170,0,"vector solutions",get_related_keywords
"kick up exercise",170,0,"kickup",get_related_keywords
"kick ups meaning",170,0,"kickup",get_pasf_keywords
"kip up gif",170,0,"kickup",get_pasf_keywords
"pde perms",170,0,"act 48",get_related_keywords
"moecs search",170,0,"scech",get_related_keywords
"arlo training management software",140,10.29,"professional development management software",get_related_keywords
"fedena",140,4.87,"school enrollment software",get_pasf_keywords
"event registration software for nonprofits",140,29.74,"school registration software",get_pasf_keywords
"liips",140,0,"frontline professional growth",get_pasf_keywords
"schoolmint newark nj",140,0,"schoolmint",get_related_keywords
"network resource center",140,0,"icarol",get_pasf_keywords
"act 48 login",140,0,"act 48",get_related_keywords
"czech language basics",140,0.13,"scech",get_pasf_keywords
"mde teaching license",140,0,"scech",get_pasf_keywords
"lpss login",140,0,"wisdomwhere",get_pasf_keywords
"teacher professional development jobs",110,1.03,"professional development management software",get_pasf_keywords
"school information management system",110,29.45,"school enrollment software",get_related_keywords
"frontline professional growth login",110,0,"frontline professional growth",get_related_keywords
"frontline education logo",110,0,"frontline professional growth",get_related_keywords
"schoolmint aspire",110,0,"schoolmint",get_pasf_keywords
"vector solutions logo",110,0,"vector solutions",get_related_keywords
"virtual observer",110,1.34,"icarol",get_related_keywords
"slate admissions software",90,2.66,"school enrollment software",get_related_keywords
"blackbaud lms",90,7.93,"school enrollment software",get_pasf_keywords
"schoolmint admin login",90,0,"school registration software",get_pasf_keywords
"bciu early intervention",90,2.05,"frontline professional growth",get_pasf_keywords
"frontline number",90,0.96,"frontline professional growth",get_pasf_keywords
"mylearning af portal",90,0,"mylearningplan",get_related_keywords
"vector solutions jobs",90,0,"vector solutions",get_related_keywords
"scenario learning",90,0,"vector solutions",get_pasf_keywords
"vector glassdoor",90,0,"vector solutions",get_pasf_keywords
"pulse kickup",90,0,"kickup",get_related_keywords
"kip up meaning",90,0,"kickup",get_pasf_keywords
"school management system software",70,10.59,"school enrollment software",get_related_keywords
"educational management software",70,8.18,"school enrollment software",get_related_keywords
"school management software free",70,16.26,"school enrollment software",get_related_keywords
"admissions software",70,17.22,"school enrollment software",get_related_keywords
"teachscape",70,1.35,"frontline professional growth",get_pasf_keywords
"berks county iu jobs",70,0,"frontline professional growth",get_pasf_keywords
"schoolmint careers",70,0,"schoolmint",get_related_keywords
"schoolmint jobs",70,0,"schoolmint",get_related_keywords
"schoolmint login kipp",70,2.7,"schoolmint",get_related_keywords
"schoolmint gcs",70,0,"schoolmint",get_related_keywords
"schoolmint nyc",70,3.24,"schoolmint",get_related_keywords
"csusa schoolmint",70,0,"schoolmint",get_related_keywords
"daycare auburn ny",70,2,"mylearningplan",get_pasf_keywords
"vector solutions ems",70,0,"vector solutions",get_related_keywords
"red vector osha 10",70,2.52,"vector solutions",get_pasf_keywords
"video coaching",70,3.66,"sibme",get_pasf_keywords
"kick up move",70,0,"kickup",get_related_keywords
"kick up dust",70,0,"kickup",get_pasf_keywords
"kick it urban dictionary",70,0,"kickup",get_pasf_keywords
"ems sms",70,0,"icarol",get_related_keywords
"free act 48 credits",70,1.3,"act 48",get_related_keywords
"michigan scech",70,2.99,"scech",get_related_keywords
"tschechien englisch",70,0,"scech",get_pasf_keywords
"professional development companies",50,2.98,"professional development management software",get_pasf_keywords
"online school registration software",50,18.57,"school enrollment software",get_pasf_keywords
"best event registration software",50,14.59,"school registration software",get_pasf_keywords
"asap school",50,13.78,"school registration software",get_pasf_keywords
"schoolmint cps",50,0,"schoolmint",get_related_keywords
"schoolmint aps",50,0,"schoolmint",get_related_keywords
"vector solutions cincinnati",50,0,"vector solutions",get_related_keywords
"sibme app",50,8.62,"sibme",get_related_keywords
"kickup careers",50,0,"kickup",get_related_keywords
"kickup app",50,0,"kickup",get_related_keywords
"helpline software",50,6.98,"icarol",get_related_keywords
"act 48 hours free",50,1.83,"act 48",get_related_keywords
"czech republic english",50,0,"scech",get_related_keywords
"teacher evaluation software",40,3.02,"professional development management software",get_related_keywords
"student enrollment software",40,0,"school enrollment software",get_related_keywords
"campusvue software",40,5.86,"school enrollment software",get_pasf_keywords
"online event registration form",40,0,"school registration software",get_pasf_keywords
"schoolmint login for parents",40,0,"schoolmint",get_related_keywords
"vector solutions reviews",40,0,"vector solutions",get_related_keywords
"vector solutions glassdoor",40,0,"vector solutions",get_related_keywords
"kick up a fuss meaning",40,0,"kickup",get_pasf_keywords
"scechs michigan free",40,2.45,"scech",get_related_keywords
"how many scechs do i need in michigan",40,0,"scech",get_related_keywords
"professional development platforms",30,5.96,"professional development management software",get_related_keywords
"free online training software",30,4.11,"professional development management software",get_pasf_keywords
"school erp software",30,31.22,"school enrollment software",get_related_keywords
"finalsite enrollment login",30,0,"school enrollment software",get_related_keywords
"blackbaud vs blackboard",30,0,"school enrollment software",get_pasf_keywords
"gp public school",30,2.85,"school registration software",get_pasf_keywords
"online camp registration systems",30,11.31,"school registration software",get_pasf_keywords
"free event registration app",30,4.16,"school registration software",get_pasf_keywords
"frontline education training",30,4.05,"frontline professional growth",get_related_keywords
"schoolmint high tech high",30,0,"schoolmint",get_related_keywords
"schoolmint jubilee",30,0,"schoolmint",get_related_keywords
"school mint boston",30,0,"schoolmint",get_related_keywords
"schoolmint wiseburn",30,0,"schoolmint",get_pasf_keywords
"rpdc semo",30,0,"mylearningplan",get_pasf_keywords
"vector solutions revenue",30,0,"vector solutions",get_related_keywords
"vector solutions san diego",30,0,"vector solutions",get_related_keywords
"sparked off",30,0,"kickup",get_pasf_keywords
"law clerk jobs philadelphia",30,0.2,"kickup",get_pasf_keywords
"free act 48 courses online",30,1.84,"act 48",get_related_keywords
"teacher professional development companies",20,2.36,"professional development management software",get_related_keywords
"professional development tracker template",20,4.19,"professional development management software",get_related_keywords
"lessoncast",20,0,"professional development management software",get_pasf_keywords
"admissions crm software",20,0,"school enrollment software",get_related_keywords
"enrollment software free",20,0,"school enrollment software",get_related_keywords
"university management systems",20,0,"school registration software",get_pasf_keywords
"regpack pricing",20,5.82,"school registration software",get_pasf_keywords
"class registration software for nonprofits",20,0,"school registration software",get_pasf_keywords
"frontline insights",20,0,"frontline professional growth",get_related_keywords
"frontline conference",20,0,"frontline professional growth",get_pasf_keywords
"schoolmint application status",20,0,"schoolmint",get_related_keywords
"schoolmint dps",20,0,"schoolmint",get_related_keywords
"schoolmint wish charter",20,0,"schoolmint",get_related_keywords
"k 12 online registration",20,8.3,"schoolmint",get_pasf_keywords
"lmsta schoolmint",20,0,"schoolmint",get_pasf_keywords
"mylearningplan aesop",20,0,"mylearningplan",get_related_keywords
"boces daycare",20,0,"mylearningplan",get_pasf_keywords
"vector solutions ceo",20,0,"vector solutions",get_related_keywords
"vector solutions address",20,0,"vector solutions",get_related_keywords
"sibme reviews",20,3.36,"sibme",get_related_keywords
"sibme careers",20,0,"sibme",get_related_keywords
"virtual instructional coach",20,1.76,"sibme",get_pasf_keywords
"kickup strong",20,0,"kickup",get_related_keywords
"kick up synonym",20,0,"kickup",get_related_keywords
"kickup game",20,0,"kickup",get_related_keywords
"kip up exercises",20,0,"kickup",get_pasf_keywords
"spanish jobs philadelphia",20,0,"kickup",get_pasf_keywords
"findhelp 211",20,0,"icarol",get_related_keywords
"phone call management software",20,0,"icarol",get_pasf_keywords
"bc211",20,0,"icarol",get_pasf_keywords
"michigan virtual scechs",20,0,"scech",get_related_keywords
"free scech michigan",20,0,"scech",get_related_keywords
"free scechs",20,1.25,"scech",get_related_keywords
"free scech",20,1.25,"scech",get_related_keywords
"online teacher credits",20,6.59,"scech",get_pasf_keywords
"solutionwhere",20,0,"wisdomwhere",get_related_keywords
"lpss employee service portal",20,0,"wisdomwhere",get_pasf_keywords
"k 12 professional development companies",10,0,"professional development management software",get_related_keywords
"professional development scheduling software",10,0,"professional development management software",get_related_keywords
"professional development management software",10,0,"professional development management software",get_related_keywords
"vector pd login",10,0,"professional development management software",get_related_keywords
"professional development tracking form",10,0,"professional development management software",get_pasf_keywords
"professional development planning checklist",10,0,"professional development management software",get_pasf_keywords
"asap platform",10,0,"professional development management software",get_pasf_keywords
"pd tracking",10,0,"professional development management software",get_pasf_keywords
"cpd management system",10,0,"professional development management software",get_pasf_keywords
"cpd tracking software",10,0,"professional development management software",get_pasf_keywords
"arlo crm",10,12.35,"professional development management software",get_pasf_keywords
"cpd software engineering",10,0,"professional development management software",get_pasf_keywords
"management of cephalopelvic disproportion",10,0,"professional development management software",get_pasf_keywords
"employee training tracking software free",10,11.93,"professional development management software",get_pasf_keywords
"e learning platforms comparison",10,0,"professional development management software",get_pasf_keywords
"online admission software",10,0,"school enrollment software",get_related_keywords
"university admissions software",10,8.97,"school enrollment software",get_related_keywords
"admissions and enrollment management software",10,0,"school enrollment software",get_related_keywords
"online enrollment management system",10,0,"school enrollment software",get_related_keywords
"free admissions software",10,0,"school enrollment software",get_related_keywords
"school enrollment management software",10,0,"school enrollment software",get_related_keywords
"school lottery software",10,3.48,"school enrollment software",get_related_keywords
"student admission software free download",10,0,"school enrollment software",get_related_keywords
"enrollment management companies",10,6.75,"school enrollment software",get_related_keywords
"schooladmin reviews",10,0,"school enrollment software",get_pasf_keywords
"online admission software free download",10,0,"school enrollment software",get_pasf_keywords
"school admission software free download",10,0,"school enrollment software",get_pasf_keywords
"enrollment marketing platform",10,0,"school enrollment software",get_pasf_keywords
"myclasscampus",10,0,"school enrollment software",get_pasf_keywords
"grosse pointe school of choice",10,0,"school registration software",get_pasf_keywords
"school health record format",10,0,"school registration software",get_pasf_keywords
"fekara",10,0,"school registration software",get_pasf_keywords
"gosignmeup pricing",10,0,"school registration software",get_pasf_keywords
"coursestorm pricing",10,0,"school registration software",get_pasf_keywords
"enrollware reviews",10,0,"school registration software",get_pasf_keywords
"course registration management system",10,0,"school registration software",get_pasf_keywords
"schoolmint re enrollment",10,0,"school registration software",get_pasf_keywords
"event registration software free download",10,0,"school registration software",get_pasf_keywords
"enrollware class registration",10,0,"school registration software",get_pasf_keywords
"school registration software free download",10,0,"school registration software",get_pasf_keywords
"asap crm",10,0,"school registration software",get_pasf_keywords
"my learning plan pisd",10,0,"frontline professional growth",get_related_keywords
"my learning plan district catalog",10,0,"frontline professional growth",get_related_keywords
"my learning plan boces",10,0,"frontline professional growth",get_related_keywords
"my learning plan broward",10,0,"frontline professional growth",get_related_keywords
"my learning plan lcps",10,0,"frontline professional growth",get_related_keywords
"frontline professional growth sign in",10,0,"frontline professional growth",get_related_keywords
"frontline education integration",10,0,"frontline professional growth",get_pasf_keywords
"frontline education human resources",10,0,"frontline professional growth",get_pasf_keywords
"bciu driver training",10,0,"frontline professional growth",get_pasf_keywords
"schoolmint login page",10,0,"schoolmint",get_related_keywords
"schoolmint crunchbase",10,0,"schoolmint",get_related_keywords
"schoolmint glassdoor",10,0,"schoolmint",get_related_keywords
"schoolmint saisd",10,0,"schoolmint",get_related_keywords
"schoolmint idea",10,0,"schoolmint",get_related_keywords
"schoolmint ousd",10,0,"schoolmint",get_related_keywords
"schoolmint pps",10,0,"schoolmint",get_related_keywords
"schoolmint oakland",10,0,"schoolmint",get_related_keywords
"mast schoolmint",10,0,"schoolmint",get_related_keywords
"schoolmint pusd",10,0,"schoolmint",get_related_keywords
"schoolmint paramount",10,0,"schoolmint",get_related_keywords
"schoolmint aisd",10,0,"schoolmint",get_related_keywords
"schoolmint login arlington",10,0,"schoolmint",get_related_keywords
"schoolmint lafayette la",10,0,"schoolmint",get_related_keywords
"school mint ascend",10,3.75,"schoolmint",get_pasf_keywords
"schoolmint carmen",10,0,"schoolmint",get_pasf_keywords
"las lomas online registration",10,0,"schoolmint",get_pasf_keywords
"schoolmint davinci",10,0,"schoolmint",get_pasf_keywords
"schoolmint brooks academy",10,0,"schoolmint",get_pasf_keywords
"idea public schools schoolmint",10,0,"schoolmint",get_pasf_keywords
"school mint propel",10,0,"schoolmint",get_pasf_keywords
"my learning plan missouri",10,0,"mylearningplan",get_related_keywords
"mylearningplan lcps",10,0,"mylearningplan",get_related_keywords
"my learning plan portfolio",10,0,"mylearningplan",get_related_keywords
"mylearningplan support",10,0,"mylearningplan",get_related_keywords
"mylearningplan broward",10,0,"mylearningplan",get_related_keywords
"my learning plan nysut",10,0,"mylearningplan",get_related_keywords
"bciu my learning plan",10,0,"mylearningplan",get_related_keywords
"nmteach login",10,0,"mylearningplan",get_related_keywords
"pd frontline",10,0,"mylearningplan",get_related_keywords
"teachscape frontline",10,0,"mylearningplan",get_related_keywords
"my learning plan examples",10,0,"mylearningplan",get_related_keywords
"berks county iu salary scale",10,0,"mylearningplan",get_pasf_keywords
"my learning plan bciu",10,0,"mylearningplan",get_pasf_keywords
"mylearn mizzou",10,0,"mylearningplan",get_pasf_keywords
"dutchess boces special education",10,0,"mylearningplan",get_pasf_keywords
"vector solutions wikipedia",10,0,"vector solutions",get_related_keywords
"vector solutions subsidiaries",10,0,"vector solutions",get_related_keywords
"vector solutions competitors",10,10.34,"vector solutions",get_related_keywords
"vector solutions stock",10,0,"vector solutions",get_related_keywords
"vector solutions acquired",10,0,"vector solutions",get_related_keywords
"vector solutions apex nc",10,0,"vector solutions",get_related_keywords
"vector solutions salary",10,0,"vector solutions",get_related_keywords
"vector solutions chennai",10,0,"vector solutions",get_related_keywords
"vector solutions pondicherry",10,0,"vector solutions",get_related_keywords
"3d architectural visualization chennai",10,0,"vector solutions",get_pasf_keywords
"top 10 3d visualization companies",10,0,"vector solutions",get_pasf_keywords
"3d studio in chennai",10,0,"vector solutions",get_pasf_keywords
"architectural companies in chennai",10,0,"vector solutions",get_pasf_keywords
"vector benefits",10,0,"vector solutions",get_pasf_keywords
"list of animation companies in chennai",10,0,"vector solutions",get_pasf_keywords
"red vector reviews",10,0,"vector solutions",get_pasf_keywords
"redvector phone number",10,0,"vector solutions",get_pasf_keywords
"red vector test answers",10,0,"vector solutions",get_pasf_keywords
"redvector youtube",10,0,"vector solutions",get_pasf_keywords
"redvector free courses",10,0,"vector solutions",get_pasf_keywords
"red vector customer service",10,0,"vector solutions",get_pasf_keywords
"3d studios in chennai",10,0,"vector solutions",get_pasf_keywords
"3d visualizer company in mumbai",10,0,"vector solutions",get_pasf_keywords
"sibme pricing",10,0,"sibme",get_related_keywords
"sibme jobs",10,0,"sibme",get_related_keywords
"video coaching for teachers",10,0,"sibme",get_related_keywords
"sibme virtual coaching",10,0,"sibme",get_related_keywords
"sibme coaching",10,0,"sibme",get_related_keywords
"kickup dip",10,0,"kickup",get_related_keywords
"kickup strong where to buy",10,0,"kickup",get_related_keywords
"kick up dip",10,0,"kickup",get_related_keywords
"kickup energy",10,0,"kickup",get_related_keywords
"kick up fitness",10,0,"kickup",get_related_keywords
"kickup shoes",10,0,"kickup",get_related_keywords
"kickup caddo",10,0,"kickup",get_related_keywords
"kickup education",10,4.36,"kickup",get_related_keywords
"kick it up a notch synonym",10,0,"kickup",get_pasf_keywords
"kick up definition",10,0,"kickup",get_pasf_keywords
"kickup real white",10,0,"kickup",get_pasf_keywords
"kick up without hands",10,0,"kickup",get_pasf_keywords
"community relations jobs philadelphia",10,0,"kickup",get_pasf_keywords
"spring internships philadelphia",10,0,"kickup",get_pasf_keywords
"icarol pricing",10,0,"icarol",get_related_keywords
"icarol support",10,0,"icarol",get_related_keywords
"icarol messaging",10,0,"icarol",get_related_keywords
"icarol software",10,7.32,"icarol",get_related_keywords
"charity logic",10,0,"icarol",get_related_keywords
"icarol info",10,0,"icarol",get_related_keywords
"211 software",10,0,"icarol",get_pasf_keywords
"telephone logging software",10,0,"icarol",get_pasf_keywords
"pde approved act 48 providers",10,2,"act 48",get_related_keywords
"how many act 48 hours is 3 credits",10,0,"act 48",get_related_keywords
"czech republic deutsch",10,0,"scech",get_related_keywords
"czech deutsch",10,0,"scech",get_related_keywords
"free online scechs michigan",10,0,"scech",get_related_keywords
"michigan new teacher professional development hours",10,0,"scech",get_related_keywords
"michigan provisional teaching certificate renewal",10,0,"scech",get_related_keywords
"edupaths scechs",10,0,"scech",get_related_keywords
"scech catalog",10,0,"scech",get_related_keywords
"scech meaning",10,0,"scech",get_related_keywords
"sketch programa",10,0,"scech",get_related_keywords
"czech petr",10,0,"scech",get_pasf_keywords
"czech republic zuna",10,0,"scech",get_pasf_keywords
"michigan learnport",10,0,"scech",get_pasf_keywords
"professional cte certificate",10,0,"scech",get_pasf_keywords
"moecs professional development",10,0,"scech",get_pasf_keywords
"sbceu",10,0,"scech",get_pasf_keywords
"michigan teacher professional development log",10,0,"scech",get_pasf_keywords
"siop training michigan",10,0,"scech",get_pasf_keywords
"grand rapids community education classes",10,0,"scech",get_pasf_keywords
"wisdomwhere louisiana",10,0,"wisdomwhere",get_related_keywords
"wisdomwhere registration",10,0,"wisdomwhere",get_related_keywords
"wisdomwhere ips",10,0,"wisdomwhere",get_related_keywords
"lpss email",10,0,"wisdomwhere",get_pasf_keywords
"ips wisdomwhere",10,0,"wisdomwhere",get_pasf_keywords
"solutionwhere dubuque",10,0,"wisdomwhere",get_pasf_keywords
"solutionwhere iu5",10,0,"wisdomwhere",get_pasf_keywords
"solutionwhere elwyn",10,0,"wisdomwhere",get_pasf_keywords
"coursewhere archdiocese of philadelphia",10,0,"wisdomwhere",get_pasf_keywords
"best professional development management software",0,0,"professional development management software",get_related_keywords
"professional development management software certification",0,0,"professional development management software",get_related_keywords
"bloomboard edsurge",0,0,"professional development management software",get_pasf_keywords
"school operations software",0,0,"professional development management software",get_pasf_keywords
"how much does teachpoint cost",0,0,"professional development management software",get_pasf_keywords
"teachpoint deadlines",0,0,"professional development management software",get_pasf_keywords
"natick professional development",0,0,"professional development management software",get_pasf_keywords
"k12 pd",0,0,"professional development management software",get_pasf_keywords
"arlo registration system",0,0,"professional development management software",get_pasf_keywords
"crec protraxx",0,0,"professional development management software",get_pasf_keywords
"protraxx westport",0,0,"professional development management software",get_pasf_keywords
"protrazz",0,0,"professional development management software",get_pasf_keywords
"school portal software",0,0,"school enrollment software",get_related_keywords
"online school management software",0,0,"school enrollment software",get_related_keywords
"free school management software in excel",0,0,"school enrollment software",get_related_keywords
"school fee software",0,0,"school enrollment software",get_related_keywords
"school admin software",0,0,"school enrollment software",get_related_keywords
"school admissions software",0,0,"school enrollment software",get_related_keywords
"school registration software",0,0,"school enrollment software",get_related_keywords
"school admission software",0,0,"school enrollment software",get_related_keywords
"https schooladmin com login",0,0,"school enrollment software",get_related_keywords
"school software free",0,0,"school enrollment software",get_related_keywords
"college admissions software",0,0,"school enrollment software",get_related_keywords
"independent school admissions software",0,0,"school enrollment software",get_related_keywords
"school administration software",0,0,"school enrollment software",get_related_keywords
"best college admissions software",0,0,"school enrollment software",get_related_keywords
"school enrollment software free download",0,0,"school enrollment software",get_related_keywords
"school enrollment software free",0,0,"school enrollment software",get_related_keywords
"school enrollment software for students",0,0,"school enrollment software",get_related_keywords
"best school enrollment software",0,0,"school enrollment software",get_related_keywords
"school admin features",0,0,"school enrollment software",get_pasf_keywords
"school admin webinars",0,0,"school enrollment software",get_pasf_keywords
"school admin blog",0,0,"school enrollment software",get_pasf_keywords
"what is a school admin",0,0,"school enrollment software",get_pasf_keywords
"schooladmin holdings llc",0,0,"school enrollment software",get_pasf_keywords
"college application software for students",0,0,"school enrollment software",get_pasf_keywords
"blackbaud health module",0,0,"school enrollment software",get_pasf_keywords
"blackbaud student portal",0,0,"school enrollment software",get_pasf_keywords
"blackbaud on product",0,0,"school enrollment software",get_pasf_keywords
"school admissions software uk",0,0,"school enrollment software",get_pasf_keywords
"free school administration software",0,0,"school enrollment software",get_pasf_keywords
"https schooladmin.com login",0,0,"school enrollment software",get_pasf_keywords
"k12 online school enrollment",0,0,"school registration software",get_pasf_keywords
"private high schools in bozeman mt",0,0,"school registration software",get_pasf_keywords
"parent portal pinnacle",0,0,"school registration software",get_pasf_keywords
"parent portal south high school",0,0,"school registration software",get_pasf_keywords
"schooldoc webinars",0,0,"school registration software",get_pasf_keywords
"school nurse charting software",0,0,"school registration software",get_pasf_keywords
"school health records",0,0,"school registration software",get_pasf_keywords
"https app schooldoc com  home auth login",0,0,"school registration software",get_pasf_keywords
"school management system pdf",0,0,"school registration software",get_pasf_keywords
"capterra regpack",0,0,"school registration software",get_pasf_keywords
"arlo software reviews",0,0,"school registration software",get_pasf_keywords
"school management system demo",0,0,"school registration software",get_pasf_keywords
"what does schoolmint do",0,0,"school registration software",get_pasf_keywords
"school of choice enrollment",0,0,"school registration software",get_pasf_keywords
"school mint pricing",0,0,"school registration software",get_pasf_keywords
"school enrollment solutions",0,0,"school registration software",get_pasf_keywords
"schoolforms online",0,0,"school registration software",get_pasf_keywords
"school management system modules",0,0,"school registration software",get_pasf_keywords
"grosse pointe public schools closing",0,0,"school registration software",get_pasf_keywords
"college admission software",0,0,"school registration software",get_pasf_keywords
"frontline professional meaning",0,0,"frontline professional growth",get_related_keywords
"frontline professional salary",0,0,"frontline professional growth",get_related_keywords
"frontline education professional growth login",0,0,"frontline professional growth",get_related_keywords
"https app frontlineeducation com pd overview",0,0,"frontline professional growth",get_related_keywords
"frontline special education software",0,0,"frontline professional growth",get_pasf_keywords
"what is frontline central",0,0,"frontline professional growth",get_pasf_keywords
"frontline insights summit 2019",0,0,"frontline professional growth",get_pasf_keywords
"applitrack training",0,0,"frontline professional growth",get_pasf_keywords
"frontline education resources",0,0,"frontline professional growth",get_pasf_keywords
"frontline central cost",0,0,"frontline professional growth",get_pasf_keywords
"frontline education board of directors",0,0,"frontline professional growth",get_pasf_keywords
"mentoring software capterra",0,0,"frontline professional growth",get_pasf_keywords
"frontline education cmo",0,0,"frontline professional growth",get_pasf_keywords
"bciu continuing education",0,0,"frontline professional growth",get_pasf_keywords
"1111 commons blvd reading pa 19605",0,0,"frontline professional growth",get_pasf_keywords
"my learning plan register",0,0,"frontline professional growth",get_pasf_keywords
"frontline iep support phone number",0,0,"frontline professional growth",get_pasf_keywords
"https www schoolmint com login",0,0,"schoolmint",get_related_keywords
"schoolmint sacramento",0,0,"schoolmint",get_related_keywords
"schoolmint api",0,0,"schoolmint",get_related_keywords
"schoolmint lottery results",0,0,"schoolmint",get_related_keywords
"lca puc schools",0,0,"schoolmint",get_related_keywords
"school mint apply la",0,0,"schoolmint",get_related_keywords
"https bronxcharterschoolforexcellence schoolmint net schoolmint",0,0,"schoolmint",get_related_keywords
"schoolmint alliance",0,0,"schoolmint",get_related_keywords
"schoolmint net registration",0,0,"schoolmint",get_related_keywords
"schoolmint paramount high school",0,0,"schoolmint",get_related_keywords
"school mint saisd",0,0,"schoolmint",get_related_keywords
"schoolmint charter school login",0,0,"schoolmint",get_related_keywords
"schoolmint lafayette",0,0,"schoolmint",get_related_keywords
"schoolmint shelby county",0,0,"schoolmint",get_pasf_keywords
"interdistrict transfer acalanes",0,0,"schoolmint",get_pasf_keywords
"acalanes school store",0,0,"schoolmint",get_pasf_keywords
"campolindo high school enrollment",0,0,"schoolmint",get_pasf_keywords
"aeries student portal miramonte",0,0,"schoolmint",get_pasf_keywords
"acalanes high school residency verification",0,0,"schoolmint",get_pasf_keywords
"schoolmint valiant",0,0,"schoolmint",get_pasf_keywords
"via schoolmint",0,0,"schoolmint",get_pasf_keywords
"school mint wish charter",0,0,"schoolmint",get_pasf_keywords
"schoolmint rocklin academy",0,0,"schoolmint",get_pasf_keywords
"schoolmint rhodes school",0,0,"schoolmint",get_pasf_keywords
"puc charter academy",0,0,"schoolmint",get_pasf_keywords
"charter high schools in sylmar ca",0,0,"schoolmint",get_pasf_keywords
"puc middle schools nueva esperanza",0,0,"schoolmint",get_pasf_keywords
"pucccms",0,0,"schoolmint",get_pasf_keywords
"charter school in eagle rock ca",0,0,"schoolmint",get_pasf_keywords
"nusd school mint",0,0,"schoolmint",get_pasf_keywords
"https ebia schoolmint net",0,0,"schoolmint",get_pasf_keywords
"school mint lodestar",0,0,"schoolmint",get_pasf_keywords
"schoolmint lauderdale county",0,0,"schoolmint",get_pasf_keywords
"digital forms for schools",0,0,"schoolmint",get_pasf_keywords
"schoolmint falls lake academy",0,0,"schoolmint",get_pasf_keywords
"hightechhigh schoolmint net",0,0,"schoolmint",get_pasf_keywords
"is it hard to get into high tech high",0,0,"schoolmint",get_pasf_keywords
"high tech high mesa san diego ca 92111",0,0,"schoolmint",get_pasf_keywords
"my learning plan broward schools login",0,0,"mylearningplan",get_related_keywords
"my learning plan calendar",0,0,"mylearningplan",get_related_keywords
"my learning plan wswhe boces",0,0,"mylearningplan",get_related_keywords
"mylearningplan nysut",0,0,"mylearningplan",get_related_keywords
"mylearningplan hartford",0,0,"mylearningplan",get_related_keywords
"mylearningplan cciu",0,0,"mylearningplan",get_related_keywords
"mylearningplan tucson",0,0,"mylearningplan",get_related_keywords
"mylearningplan com districtadmin districtadmin asp",0,0,"mylearningplan",get_related_keywords
"www mylearningplan com districtadmin districtadmin asp",0,0,"mylearningplan",get_related_keywords
"mylearningplan knox county schools",0,0,"mylearningplan",get_related_keywords
"broward sign up mylearningplan",0,0,"mylearningplan",get_related_keywords
"my learning plan knox county schools",0,0,"mylearningplan",get_related_keywords
"mylearningplan com learningplan myfiles asp",0,0,"mylearningplan",get_related_keywords
"frontline growth plan",0,0,"mylearningplan",get_related_keywords
"my learning pal",0,0,"mylearningplan",get_related_keywords
"aesop my learning plan",0,0,"mylearningplan",get_related_keywords
"mylearningplan bps",0,0,"mylearningplan",get_related_keywords
"my learning plan twin rivers",0,0,"mylearningplan",get_related_keywords
"t tess frontline",0,0,"mylearningplan",get_related_keywords
"mylearin",0,0,"mylearningplan",get_related_keywords
"mlp pdms",0,0,"mylearningplan",get_related_keywords
"my learning plan stafford county",0,0,"mylearningplan",get_related_keywords
"battelle for kids",0,0,"mylearningplan",get_pasf_keywords
"bciu family engagement worker",0,0,"mylearningplan",get_pasf_keywords
"intermediate unit cpe courses",0,0,"mylearningplan",get_pasf_keywords
"my learning plan risd",0,0,"mylearningplan",get_pasf_keywords
"gvsd staff resources",0,0,"mylearningplan",get_pasf_keywords
"great valley school district malvern",0,0,"mylearningplan",get_pasf_keywords
"great valley middle school hours",0,0,"mylearningplan",get_pasf_keywords
"south central rpdc",0,0,"mylearningplan",get_pasf_keywords
"my learning plan kirkwood",0,0,"mylearningplan",get_pasf_keywords
"dutchess boces dasa workshop",0,0,"mylearningplan",get_pasf_keywords
"fcweb liverpool k12 ny us",0,0,"mylearningplan",get_pasf_keywords
"liverpool school tools",0,0,"mylearningplan",get_pasf_keywords
"mr charles bciu",0,0,"mylearningplan",get_pasf_keywords
"vector solutions providence",0,0,"vector solutions",get_related_keywords
"vector solutions golden gate",0,0,"vector solutions",get_related_keywords
"vector solutions ownership",0,0,"vector solutions",get_related_keywords
"learnsmart vector solutions",0,0,"vector solutions",get_related_keywords
"vector solutions contact",0,0,"vector solutions",get_related_keywords
"vector solutions camas",0,0,"vector solutions",get_related_keywords
"vector solutions com inc subsidiaries",0,0,"vector solutions",get_related_keywords
"vector solutions news",0,0,"vector solutions",get_related_keywords
"vector solutions sale",0,0,"vector solutions",get_related_keywords
"vector solutions locations",0,0,"vector solutions",get_related_keywords
"vector solutions camas wa",0,0,"vector solutions",get_related_keywords
"vector solutions software",0,0,"vector solutions",get_related_keywords
"vector solutions sold",0,0,"vector solutions",get_related_keywords
"vector solutions acquisition",0,0,"vector solutions",get_related_keywords
"vector solutions crunchbase",0,0,"vector solutions",get_related_keywords
"vector solutions golden gate capital",0,0,"vector solutions",get_related_keywords
"vector solutions rancho bernardo",0,0,"vector solutions",get_related_keywords
"vector solutions ohio",0,0,"vector solutions",get_related_keywords
"vector solutions math",0,0,"vector solutions",get_related_keywords
"vector solutions mission statement",0,0,"vector solutions",get_related_keywords
"vector solutions benefits",0,0,"vector solutions",get_related_keywords
"vector solutions brands",0,0,"vector solutions",get_related_keywords
"vector solutions poland",0,0,"vector solutions",get_related_keywords
"vector solutions uas",0,0,"vector solutions",get_related_keywords
"vector solutions elearning",0,0,"vector solutions",get_related_keywords
"vector solutions journey",0,0,"vector solutions",get_related_keywords
"vector solutions safety",0,0,"vector solutions",get_related_keywords
"vector solutions karachi",0,0,"vector solutions",get_related_keywords
"vector solutions philadelphia",0,0,"vector solutions",get_related_keywords
"vector solutions review",0,0,"vector solutions",get_pasf_keywords
"vector solutions salaries",0,0,"vector solutions",get_pasf_keywords
"www vector solutions com w9 slw9 pdf",0,0,"vector solutions",get_pasf_keywords
"flickerstudios chennai",0,0,"vector solutions",get_pasf_keywords
"pvt ltd companies in siruseri",0,0,"vector solutions",get_pasf_keywords
"vector solutions interview",0,0,"vector solutions",get_pasf_keywords
"redvector training classes",0,0,"vector solutions",get_pasf_keywords
"working at vector solutions",0,0,"vector solutions",get_pasf_keywords
"flicker studios chennai tamil nadu",0,0,"vector solutions",get_pasf_keywords
"target solutions linkedin",0,0,"vector solutions",get_pasf_keywords
"sibme create account",0,0,"sibme",get_related_keywords
"sibme sdsu",0,0,"sibme",get_related_keywords
"sibme sign up",0,0,"sibme",get_related_keywords
"sibme com linkedin",0,0,"sibme",get_related_keywords
"apps sibme",0,0,"sibme",get_related_keywords
"sibme logo",0,0,"sibme",get_related_keywords
"sibme learning center",0,0,"sibme",get_related_keywords
"sdsu sibme",0,0,"sibme",get_related_keywords
"sibme customer service number",0,0,"sibme",get_related_keywords
"hank brand sibme",0,0,"sibme",get_related_keywords
"sibme address",0,0,"sibme",get_related_keywords
"sibme glassdoor",0,0,"sibme",get_related_keywords
"sibme salary",0,0,"sibme",get_related_keywords
"sibme cost",0,0,"sibme",get_related_keywords
"sibme linkedin",0,0,"sibme",get_related_keywords
"sibme download",0,0,"sibme",get_related_keywords
"sibme contact",0,0,"sibme",get_pasf_keywords
"teacher video observation software",0,0,"sibme",get_pasf_keywords
"kickup sign in",0,0,"kickup",get_related_keywords
"kickup crunchbase",0,0,"kickup",get_related_keywords
"kickup cpm",0,0,"kickup",get_related_keywords
"kickup ritenour",0,0,"kickup",get_related_keywords
"kickup meaning",0,0,"kickup",get_related_keywords
"kickup attendance",0,0,"kickup",get_related_keywords
"kickup ssd",0,0,"kickup",get_related_keywords
"kickup glassdoor",0,0,"kickup",get_related_keywords
"support kickup co",0,0,"kickup",get_related_keywords
"kickup comal",0,0,"kickup",get_related_keywords
"kickup sbisd",0,0,"kickup",get_related_keywords
"kickup comal isd",0,0,"kickup",get_related_keywords
"support kickup",0,0,"kickup",get_related_keywords
"kick up traduction",0,0,"kickup",get_related_keywords
"kick up sport",0,0,"kickup",get_related_keywords
"kick up fessier",0,0,"kickup",get_related_keywords
"comment faire un kick up",0,0,"kickup",get_related_keywords
"kick up kickers",0,0,"kickup",get_related_keywords
"kick up musculation",0,0,"kickup",get_related_keywords
"caddo kickup",0,0,"kickup",get_related_keywords
"kickup account",0,0,"kickup",get_related_keywords
"branson kickup",0,0,"kickup",get_related_keywords
"kickup rock hill",0,0,"kickup",get_related_keywords
"kickup logo",0,0,"kickup",get_related_keywords
"kickup aisd",0,0,"kickup",get_related_keywords
"kick up login",0,0,"kickup",get_related_keywords
"kickup snus",0,0,"kickup",get_related_keywords
"kickup code",0,0,"kickup",get_related_keywords
"kickup support",0,0,"kickup",get_related_keywords
"kickup registration",0,0,"kickup",get_related_keywords
"business development representative kickup",0,0,"kickup",get_related_keywords
"kickup rockwood",0,0,"kickup",get_related_keywords
"kick up meaning in tamil",0,0,"kickup",get_pasf_keywords
"kick up a row idioms meaning",0,0,"kickup",get_pasf_keywords
"kick up a fuss synonym",0,0,"kickup",get_pasf_keywords
"kick up startup",0,0,"kickup",get_pasf_keywords
"kick up snus farlig",0,0,"kickup",get_pasf_keywords
"kickup snus butikk",0,0,"kickup",get_pasf_keywords
"nikotinfri snus",0,0,"kickup",get_pasf_keywords
"kick up a row meaning",0,0,"kickup",get_pasf_keywords
"kickup for education",0,0,"kickup",get_pasf_keywords
"kickup client success manager",0,0,"kickup",get_pasf_keywords
"kicked up meaning in urdu",0,0,"kickup",get_pasf_keywords
"how to do kick up in hindi",0,0,"kickup",get_pasf_keywords
"client success manager kickup",0,0,"kickup",get_pasf_keywords
"httpswww icarol com login",0,0,"icarol",get_related_keywords
"m2 icarol",0,0,"icarol",get_related_keywords
"http na1 icarol com secure signon aspx",0,0,"icarol",get_related_keywords
"icarol toronto",0,0,"icarol",get_related_keywords
"csps login icarol",0,0,"icarol",get_related_keywords
"icarol blog",0,0,"icarol",get_related_keywords
"icarol help",0,0,"icarol",get_related_keywords
"icarol canada",0,0,"icarol",get_related_keywords
"https na1 icarol com secure signon aspx",0,0,"icarol",get_related_keywords
"icarol reports",0,0,"icarol",get_related_keywords
"icarol email",0,0,"icarol",get_related_keywords
"211 icarol",0,0,"icarol",get_related_keywords
"icarol dashboard",0,0,"icarol",get_related_keywords
"halton distress centre icarol",0,0,"icarol",get_related_keywords
"calgary distress centre icarol",0,0,"icarol",get_related_keywords
"icarol 211",0,0,"icarol",get_related_keywords
"www icarol info",0,0,"icarol",get_related_keywords
"https webapp icarol com secure signon aspx",0,0,"icarol",get_related_keywords
"icarol system",0,0,"icarol",get_related_keywords
"icarol wiki",0,0,"icarol",get_related_keywords
"icarol resources",0,0,"icarol",get_related_keywords
"icarol linkedin",0,0,"icarol",get_related_keywords
"icarol reviews",0,0,"icarol",get_related_keywords
"icarol crisis",0,0,"icarol",get_related_keywords
"klinic webmail",0,0,"icarol",get_pasf_keywords
"icarol tech support",0,0,"icarol",get_pasf_keywords
"call log management system",0,0,"icarol",get_pasf_keywords
"i carol messaging",0,0,"icarol",get_pasf_keywords
"icarol webinars",0,0,"icarol",get_pasf_keywords
"contact icarol",0,0,"icarol",get_pasf_keywords
"perms login",0,0,"act 48",get_related_keywords
"how to submit act 48 hours in pa",0,0,"act 48",get_related_keywords
"act 48 pdf",0,0,"act 48",get_related_keywords
"scech form",0,0,"scech",get_related_keywords
"scech manual",0,0,"scech",get_related_keywords
"ways to earn scechs",0,0,"scech",get_related_keywords
"schechs",0,0,"scech",get_related_keywords
"scech michigan login",0,0,"scech",get_related_keywords
"scech sponsor",0,0,"scech",get_related_keywords
"scechs islamabad",0,0,"scech",get_related_keywords
"mde scechs",0,0,"scech",get_related_keywords
"scech login",0,0,"scech",get_related_keywords
"scech coordinator michigan",0,0,"scech",get_related_keywords
"what is scech certification",0,0,"scech",get_related_keywords
"scech credits",0,0,"scech",get_related_keywords
"czech republic national minorities",0,0,"scech",get_pasf_keywords
"old czech orthography",0,0,"scech",get_pasf_keywords
"wwwbunker in czech republic",0,0,"scech",get_pasf_keywords
"mdoe state mi moecs login aspx",0,0,"scech",get_pasf_keywords
"michigan out of state teacher certification",0,0,"scech",get_pasf_keywords
"tkl classes",0,0,"scech",get_pasf_keywords
"michigan online student learning",0,0,"scech",get_pasf_keywords
"spartanburg county early college high school",0,0,"scech",get_pasf_keywords
"mde annual record of professional development",0,0,"scech",get_pasf_keywords
"misd new teacher academy",0,0,"scech",get_pasf_keywords
"non traditional professional development",0,0,"scech",get_pasf_keywords
"professional development course catalog",0,0,"scech",get_pasf_keywords
"edupaths pd",0,0,"scech",get_pasf_keywords
"grcc ed2go",0,0,"scech",get_pasf_keywords
"learn spanish grand rapids mi",0,0,"scech",get_pasf_keywords
"writing classes grand rapids mi",0,0,"scech",get_pasf_keywords
"wisdomwhere lpss",0,0,"wisdomwhere",get_related_keywords
"lpss wisdomwhere login",0,0,"wisdomwhere",get_related_keywords
"wisdomwhere dubuque",0,0,"wisdomwhere",get_related_keywords
"wisdomwhere rockwood",0,0,"wisdomwhere",get_related_keywords
"wisdomwhere u46",0,0,"wisdomwhere",get_related_keywords
"wisdomwhere vvsd",0,0,"wisdomwhere",get_related_keywords
"coursewhere solutionwhere archdiocese of philadelphia",0,0,"wisdomwhere",get_related_keywords
"wisdomwhere sign in",0,0,"wisdomwhere",get_related_keywords
"wisdomwhere u 46",0,0,"wisdomwhere",get_related_keywords
"wisdomwhere ssd",0,0,"wisdomwhere",get_related_keywords
"coursewhere login louisiana",0,0,"wisdomwhere",get_pasf_keywords
"ips wisdomwhere login",0,0,"wisdomwhere",get_pasf_keywords
"www coursewhere com philadelphia",0,0,"wisdomwhere",get_pasf_keywords
"elwyn coursewhere login",0,0,"wisdomwhere",get_pasf_keywords
"ldoe calendar",0,0,"wisdomwhere",get_pasf_keywords
"louisiana common planning tool",0,0,"wisdomwhere",get_pasf_keywords
"ldoe vendor guide",0,0,"wisdomwhere",get_pasf_keywords
"supervisor collaboration ldoe",0,0,"wisdomwhere",get_pasf_keywords
"school system planning guide",0,0,"wisdomwhere",get_pasf_keywords
"louisiana teacher leader summit 2019 dates",0,0,"wisdomwhere",get_pasf_keywords
"u 46 professional development committee",0,0,"wisdomwhere",get_pasf_keywords
"wisdomwhere maresa",0,0,"wisdomwhere",get_pasf_keywords
"monroe independent school district mi",0,0,"wisdomwhere",get_pasf_keywords
"monroe county school district",0,0,"wisdomwhere",get_pasf_keywords
"school system planning call",0,0,"wisdomwhere",get_pasf_keywords
"kane county institute day 2020",0,0,"wisdomwhere",get_pasf_keywords
"u 46 is department",0,0,"wisdomwhere",get_pasf_keywords
"lpss zone map",0,0,"wisdomwhere",get_pasf_keywords
"solutionwhere iu1",0,0,"wisdomwhere",get_pasf_keywords
"lpss subsystem",0,0,"wisdomwhere",get_pasf_keywords
"jcampus lpss login",0,0,"wisdomwhere",get_pasf_keywords
"lpss health and safety",0,0,"wisdomwhere",get_pasf_keywords
"southside high school youngsville la website",0,0,"wisdomwhere",get_pasf_keywords
"wisdomwhere pattan",0,0,"wisdomwhere",get_pasf_keywords